-- phpMyAdmin SQL Dump
-- version 5.0.2
-- https://www.phpmyadmin.net/
--
-- Host: 127.0.0.1:3306
-- Generation Time: Jul 19, 2021 at 04:05 PM
-- Server version: 5.7.31
-- PHP Version: 7.3.21

SET SQL_MODE = "NO_AUTO_VALUE_ON_ZERO";
START TRANSACTION;
SET time_zone = "+00:00";


/*!40101 SET @OLD_CHARACTER_SET_CLIENT=@@CHARACTER_SET_CLIENT */;
/*!40101 SET @OLD_CHARACTER_SET_RESULTS=@@CHARACTER_SET_RESULTS */;
/*!40101 SET @OLD_COLLATION_CONNECTION=@@COLLATION_CONNECTION */;
/*!40101 SET NAMES utf8mb4 */;

--
-- Database: `inventory`
--

-- --------------------------------------------------------

--
-- Table structure for table `categories`
--

DROP TABLE IF EXISTS `categories`;
CREATE TABLE IF NOT EXISTS `categories` (
  `id` int(11) NOT NULL AUTO_INCREMENT,
  `type` varchar(100) NOT NULL,
  `description` text NOT NULL,
  PRIMARY KEY (`id`)
) ENGINE=InnoDB AUTO_INCREMENT=5 DEFAULT CHARSET=utf8;

--
-- Dumping data for table `categories`
--

INSERT INTO `categories` (`id`, `type`, `description`) VALUES
(1, 'Shampoo', 'Hair Product'),
(2, 'Gel', 'Hair styling'),
(3, 'Cosmetics', 'Grooming products'),
(4, 'Color', 'Hair colour and dyes');

-- --------------------------------------------------------

--
-- Table structure for table `employees`
--

DROP TABLE IF EXISTS `employees`;
CREATE TABLE IF NOT EXISTS `employees` (
  `id` int(11) NOT NULL AUTO_INCREMENT,
  `firstname` varchar(100) NOT NULL,
  `lastname` varchar(100) NOT NULL,
  `username` varchar(40) NOT NULL,
  `password` varchar(100) NOT NULL,
  `phone` varchar(100) NOT NULL,
  `address` text NOT NULL,
  `type` enum('admin','employee') NOT NULL DEFAULT 'employee',
  `supervisorCode` varchar(255) DEFAULT NULL,
  PRIMARY KEY (`id`),
  UNIQUE KEY `supervisorCode` (`supervisorCode`)
) ENGINE=InnoDB AUTO_INCREMENT=7 DEFAULT CHARSET=utf8;

--
-- Dumping data for table `employees`
--

INSERT INTO `employees` (`id`, `firstname`, `lastname`, `username`, `password`, `phone`, `address`, `type`, `supervisorCode`) VALUES
(1, 'john', 'cena', 'admin', 'd033e22ae348aeb5660fc2140aec35850c4da997', '0099887766', 'New York, USA', 'admin', '5026555416986'),
(2, 'Martha', 'Jones', 'user', '12dea96fec20593566ab75692c9949596833adc9', '123456789', 'Seattle', 'employee', '123456'),
(3, 'Andries', 'Holmes', 'aholmes', '791cc7a5f3c4cfea41d8ee16b40371e1c560cfb0', '0782972378', '14 Shumba', 'employee', NULL),
(4, 'holmes', 'andries', 'andries', '3e3c1cf778146888f04fb7776d2ebd532c4352c9', '07829722378', '14 SHumbaew', 'employee', '601f1889667efaebb33b8c12572835da3f027f78'),
(5, 'coventry', 'Ihsaan', 'ihsaan', '12efa76ff356aa20d1e69b78b0ae556dbd12ecc9', '0775550501', '14 Shumba', 'employee', '7c4a8d09ca3762af61e59520943dc26494f8941b'),
(6, 'Samantha', 'Holmes', 'samantha', '12efa76ff356aa20d1e69b78b0ae556dbd12ecc9', '078298885455', '14 SHumba', 'employee', '654321');

-- --------------------------------------------------------

--
-- Table structure for table `invoices`
--

DROP TABLE IF EXISTS `invoices`;
CREATE TABLE IF NOT EXISTS `invoices` (
  `id` varchar(13) NOT NULL,
  `employeeId` int(11) NOT NULL,
  `total` double NOT NULL,
  `vat` double NOT NULL,
  `discount` double NOT NULL,
  `payable` double NOT NULL,
  `paid` double NOT NULL,
  `returned` double NOT NULL,
  `datetime` datetime NOT NULL DEFAULT CURRENT_TIMESTAMP,
  PRIMARY KEY (`id`)
) ENGINE=InnoDB DEFAULT CHARSET=utf8;

--
-- Dumping data for table `invoices`
--

INSERT INTO `invoices` (`id`, `employeeId`, `total`, `vat`, `discount`, `payable`, `paid`, `returned`, `datetime`) VALUES
('1491729973342', 2, 760, 19, 5, 774, 800, 26, '2017-01-09 15:26:13'),
('1491730560516', 2, 370, 9.25, 5, 374.25, 375, 0.75, '2017-01-09 15:36:00'),
('1492165305284', 2, 270, 6.75, 5, 271.75, 280, 8.25, '2017-01-14 16:21:45'),
('1492189349464', 2, 490, 12.25, 5, 497.25, 500, 2.75, '2017-02-14 23:02:29'),
('1492189946488', 2, 190, 4.75, 5, 189.75, 200, 10.25, '2017-02-14 23:12:26'),
('1492190099626', 2, 120, 3, 5, 118, 120, 2, '2017-04-14 23:14:59'),
('1492190341116', 2, 65, 1.625, 5, 61.625, 62, 0.375, '2017-04-14 23:19:01'),
('1492191099328', 2, 190, 4.75, 5, 189.75, 190, 0.25, '2017-04-14 23:31:39'),
('1492192975710', 2, 770, 19.25, 5, 784.25, 1000, 215.75, '2017-04-15 00:02:55'),
('1492193361407', 2, 865, 21.625, 5, 881.625, 900, 18.375, '2017-03-15 00:09:21'),
('1492313070538', 2, 275, 6.875, 5, 276.875, 300, 23.125, '2017-03-16 09:24:30'),
('1493699328760', 2, 70, 1.75, 5, 66.75, 70, 3.25, '2017-05-02 10:28:48'),
('1493699482352', 2, 190, 4.75, 5, 189.75, 190, 0.25, '2017-05-02 10:31:22'),
('1622031741307', 2, 140, 3.5, 5, 138.5, 140, 1.5, '2021-05-26 14:22:21'),
('1622031846619', 2, 700, 17.5, 5, 712.5, 900, 187.5, '2021-05-26 14:24:06'),
('1622068578393', 2, 165, 4.125, 5, 164.125, 200, 35.875, '2021-05-27 00:36:18'),
('1622068628145', 2, 735, 18.375, 5, 748.375, 800, 51.625, '2021-05-27 00:37:08'),
('1622209716294', 2, 330, 8.25, 5, 333.25, 350, 16.75, '2021-05-28 15:48:36'),
('1623143125048', 2, 700, 17.5, 5, 712.5, 800, 87.5, '2021-06-08 11:05:25'),
('1623332416196', 2, 100, 2.5, 5, 97.5, 100, 2.5, '2021-06-10 15:40:16'),
('1623661112587', 2, 365, 9.125, 5, 369.125, 400, 30.875, '2021-06-14 10:58:32'),
('1623665644378', 2, 100, 2.5, 0, 97.5, 97.5, 0, '2021-06-14 12:14:04'),
('1623665766287', 2, 200, 5, 0, 200, 200, 0, '2021-06-14 12:16:06'),
('1623665914205', 2, 100, 2.5, 0, 97.5, 97.5, 0, '2021-06-14 12:18:34'),
('1623670227182', 2, 400, 0, 0, 400, 400, 0, '2021-06-14 13:30:27'),
('1623670267851', 2, 100, 0, 0, 100, 100, 0, '2021-06-14 13:31:07'),
('1623670338801', 2, 455, 0, 0, 455, 500, 45, '2021-06-14 13:32:18'),
('1623670463281', 2, 455, 0, 0, 455, 500, 45, '2021-06-14 13:34:23'),
('1623670748058', 2, 265, 0, 0, 265, 300, 35, '2021-06-14 13:39:08'),
('1623670998294', 2, 385, 0, 0, 385, 385, 0, '2021-06-14 13:43:18'),
('1623671066750', 2, 350, 0, 0, 350, 350, 0, '2021-06-14 13:44:26'),
('1623671238457', 2, 485, 0, 0, 485, 485, 0, '2021-06-14 13:47:18'),
('1623704693055', 2, 585.66, 0, 0, 585.66, 600, 14.340000000000032, '2021-06-14 23:04:53'),
('1623704836976', 2, 490.36, 0, 0, 490.36, 500, 9.639999999999986, '2021-06-14 23:07:17'),
('1623705248124', 2, 420.36, 0, 0, 420.36, 500, 79.63999999999999, '2021-06-14 23:14:08'),
('1623705384346', 2, 190.36, 0, 0, 190.36, 200, 9.639999999999986, '2021-06-14 23:16:24'),
('1623705630335', 2, 120.36, 0, 0, 120.36, 150, 29.64, '2021-06-14 23:20:30'),
('1623705698212', 2, 190, 0, 0, 190, 200, 10, '2021-06-14 23:21:38'),
('1623705751665', 2, 290, 0, 0, 290, 300, 10, '2021-06-14 23:22:31'),
('1623705951273', 2, 235.3, 0, 0, 235.3, 250, 14.699999999999989, '2021-06-14 23:25:51'),
('1623706147859', 2, 610.36, 0, 0, 610.36, 615, 4.639999999999986, '2021-06-14 23:29:07'),
('1623706239401', 2, 260, 0, 0, 260, 260, 0, '2021-06-14 23:30:39'),
('1623706409720', 2, 355.66, 0, 0, 355.66, 360, 4.339999999999975, '2021-06-14 23:33:29'),
('1623706600469', 2, 255, 0, 0, 255, 260, 5, '2021-06-14 23:36:40'),
('1623707326091', 2, 671.8, 0, 0, 671.8, 700, 28.200000000000045, '2021-06-14 23:48:46'),
('1623707420547', 2, 160, 0, 0, 160, 160, 0, '2021-06-14 23:50:20'),
('1623707449555', 2, 700, 0, 0, 700, 700, 0, '2021-06-14 23:50:49'),
('1623708001230', 2, 380.36, 0, 0, 380.36, 400, 19.639999999999986, '2021-06-15 00:00:01'),
('1623708365213', 2, 390.3, 0, 0, 390.3, 400, 9.699999999999989, '2021-06-15 00:06:05'),
('1623748753862', 2, 595.3, 0, 0, 595.3, 600, 4.7000000000000455, '2021-06-15 11:19:13'),
('1624053266024', 2, 500, 0, 0, 500, 500, 0, '2021-06-18 23:54:26'),
('1624056508461', 2, 160, 0, 0, 160, 160, 0, '2021-06-19 00:48:28'),
('1624094310911', 2, 505, 0, 0, 505, 600, 95, '2021-06-19 11:18:30'),
('1624094888801', 2, 505, 0, 0, 505, 505, 0, '2021-06-19 11:28:08'),
('1626169473259', 2, 165.3, 0, 0, 165.3, 165.3, 0, '2021-07-13 11:44:33'),
('1626170312247', 2, 255, 0, 0, 255, 255, 0, '2021-07-13 11:58:32'),
('1626170437565', 2, 225, 0, 0, 225, 225, 0, '2021-07-13 12:00:37'),
('1626170530643', 2, 255, 0, 0, 255, 255, 0, '2021-07-13 12:02:10'),
('1626171257392', 2, 285.36, 0, 0, 285.36, 285.36, 0, '2021-07-13 12:14:17'),
('1626171429686', 2, 5, 0, 0, 5, 5, 0, '2021-07-13 12:17:09'),
('1626171436007', 2, 5, 0, 0, 5, 5, 0, '2021-07-13 12:17:16'),
('1626171533940', 2, 5, 0, 0, 5, 5, 0, '2021-07-13 12:18:53'),
('1626171692427', 2, 100, 0, 0, 100, 100, 0, '2021-07-13 12:21:32'),
('1626171826616', 2, 190, 0, 0, 190, 190, 0, '2021-07-13 12:23:46'),
('1626172137101', 2, 170, 0, 0, 170, 200, 30, '2021-07-13 12:28:57'),
('1626172164543', 2, 185.36, 0, 0, 185.36, 185.36, 0, '2021-07-13 12:29:24'),
('1626172232475', 2, 255, 0, 0, 255, 255, 0, '2021-07-13 12:30:32'),
('1626172274227', 2, 205, 0, 0, 205, 205, 0, '2021-07-13 12:31:14'),
('1626173306526', 2, 100, 0, 0, 100, 100, 0, '2021-07-13 12:48:26'),
('1626270563040', 2, 160, 0, 0, 160, 160, 0, '2021-07-14 15:49:23'),
('1626270756792', 2, -100, 0, 0, 100, 100, 0, '2021-07-14 15:52:36'),
('1626438427568', 2, 130, 0, 0, 130, 130, 0, '2021-07-16 14:27:07'),
('1626438882547', 2, 70, 0, 0, 70, 70, 0, '2021-07-16 14:34:42'),
('1626438994211', 2, 460, 0, 0, 460, 500, 40, '2021-07-16 14:36:34'),
('1626439152746', 2, 70, 0, 0, 70, 70, 0, '2021-07-16 14:39:12'),
('1626439179650', 2, 230, 0, 0, 230, 300, 70, '2021-07-16 14:39:39'),
('1626439580234', 2, 370, 0, 0, 370, 400, 30, '2021-07-16 14:46:20'),
('1626439822464', 2, 225, 0, 0, 225, 250, 25, '2021-07-16 14:50:22'),
('1626439894904', 2, 1295.66, 0, 0, 1295.66, 1300, 4.339999999999918, '2021-07-16 14:51:34'),
('1626439956752', 2, 70, 0, 0, 70, 70, 0, '2021-07-16 14:52:36'),
('1626440034495', 2, 725.3, 0, 0, 725.3, 750, 24.700000000000045, '2021-07-16 14:53:54'),
('1626440819109', 2, 365, 0, 0, 365, 400, 35, '2021-07-16 15:06:59'),
('1626440985692', 2, 1951.02, 0, 0, 1951.02, 2000, 48.98000000000002, '2021-07-16 15:09:45'),
('1626441076852', 2, 1250.36, 0, 0, 1250.36, 2000, 749.6400000000001, '2021-07-16 15:11:16'),
('1626441208828', 2, 2756.68, 0, 0, 2756.68, 3000, 243.32000000000016, '2021-07-16 15:13:28'),
('1626441398913', 2, 235.3, 0, 0, 235.3, 300, 64.69999999999999, '2021-07-16 15:16:38'),
('1626441572945', 2, 3076.32, 0, 0, 3076.32, 3200, 123.67999999999984, '2021-07-16 15:19:32'),
('1626441985224', 2, 5866.62, 0, 0, 5866.62, 6000, 133.3800000000001, '2021-07-16 15:26:25'),
('1626442047663', 2, 70, 0, 0, 70, 100, 30, '2021-07-16 15:27:27'),
('1626442086215', 2, 280.36, 0, 0, 280.36, 300, 19.639999999999986, '2021-07-16 15:28:06'),
('1626447293215', 2, 395.3, 0, 0, 395.3, 400, 4.699999999999989, '2021-07-16 16:54:53'),
('1626447518246', 2, 2070.96, 0, 0, 2070.96, 2100, 29.039999999999964, '2021-07-16 16:58:38'),
('1626447718389', 2, 585, 0, 0, 585, 600, 15, '2021-07-16 17:01:58'),
('1626706106821', 2, 70, 0, 0, 70, 700, 630, '2021-07-19 16:48:26'),
('1626709329776', 2, 160, 0, 0, 160, 160, 0, '2021-07-19 17:42:09'),
('1626709829054', 2, 205, 0, 0, 205, 250, 45, '2021-07-19 17:50:29'),
('1626709894821', 2, 205, 0, 0, 205, 500, 295, '2021-07-19 17:51:34'),
('1626709931286', 2, 165.3, 0, 0, 165.3, 200, 34.69999999999999, '2021-07-19 17:52:11');

-- --------------------------------------------------------

--
-- Table structure for table `licence`
--

DROP TABLE IF EXISTS `licence`;
CREATE TABLE IF NOT EXISTS `licence` (
  `id` int(11) NOT NULL AUTO_INCREMENT,
  `company` varchar(255) NOT NULL,
  `address_1` varchar(255) NOT NULL,
  `address_2` varchar(255) NOT NULL,
  `address_3` varchar(255) NOT NULL,
  `telephone` varchar(255) NOT NULL,
  PRIMARY KEY (`id`)
) ENGINE=MyISAM AUTO_INCREMENT=2 DEFAULT CHARSET=latin1;

--
-- Dumping data for table `licence`
--

INSERT INTO `licence` (`id`, `company`, `address_1`, `address_2`, `address_3`, `telephone`) VALUES
(1, 'Famethe (Pvt) Ltd', '14 Shumba Road', 'Masasa Park', 'Harare', '0782972378');

-- --------------------------------------------------------

--
-- Table structure for table `products`
--

DROP TABLE IF EXISTS `products`;
CREATE TABLE IF NOT EXISTS `products` (
  `id` int(11) NOT NULL AUTO_INCREMENT,
  `categoryId` int(11) NOT NULL,
  `supplierId` int(11) NOT NULL,
  `name` varchar(100) NOT NULL,
  `price` double NOT NULL,
  `quantity` double NOT NULL,
  `description` text NOT NULL,
  `barcode` varchar(255) NOT NULL,
  PRIMARY KEY (`id`),
  KEY `categoryId` (`categoryId`),
  KEY `supplierId` (`supplierId`)
) ENGINE=InnoDB AUTO_INCREMENT=10 DEFAULT CHARSET=utf8;

--
-- Dumping data for table `products`
--

INSERT INTO `products` (`id`, `categoryId`, `supplierId`, `name`, `price`, `quantity`, `description`, `barcode`) VALUES
(1, 1, 1, 'Clinical Solutions', 165.3, 224, 'Anti-dandruff shampoo', ''),
(2, 1, 1, 'Classic Clean', 120.36, 121, 'General shampoo', ''),
(3, 4, 2, 'HiColor', 190, -3, 'Red Color 50g box', ''),
(4, 2, 2, 'Wax', 65, 0, 'Hair wax', ''),
(5, 3, 3, 'Power Light', 70, 49, 'Freshness Cream', ''),
(6, 3, 3, 'Oil Clear', 160, 274, 'Face Wash', ''),
(7, 3, 6, 'Brylcreem (Red)', 300, 97, 'Light glossy hold', ''),
(8, 3, 1, 'IPOS Devices', 105, 77, 'IPOS Devices', '5030917146275'),
(9, 1, 2, 'Laptop', 100, 112, 'Laptops', '5026555256292');

-- --------------------------------------------------------

--
-- Table structure for table `purchases`
--

DROP TABLE IF EXISTS `purchases`;
CREATE TABLE IF NOT EXISTS `purchases` (
  `id` int(11) NOT NULL AUTO_INCREMENT,
  `productId` int(11) NOT NULL,
  `supplierId` int(11) NOT NULL,
  `quantity` double NOT NULL,
  `price` double NOT NULL,
  `total` double NOT NULL,
  `datetime` datetime DEFAULT CURRENT_TIMESTAMP,
  PRIMARY KEY (`id`),
  KEY `productId` (`productId`),
  KEY `supplierId` (`supplierId`)
) ENGINE=InnoDB AUTO_INCREMENT=10 DEFAULT CHARSET=utf8;

--
-- Dumping data for table `purchases`
--

INSERT INTO `purchases` (`id`, `productId`, `supplierId`, `quantity`, `price`, `total`, `datetime`) VALUES
(1, 1, 1, 5, 165, 825, '2017-03-14 00:00:00'),
(2, 2, 2, 6, 120, 720, '2017-03-09 00:00:00'),
(3, 1, 1, 1, 24, 24, '2017-05-02 10:02:47'),
(4, 1, 1, 2, 20, 40, '2017-05-02 10:10:37'),
(5, 2, 1, 10, 2500, 25000, '2021-05-26 23:09:04'),
(6, 1, 2, 100, 10, 1000, '2021-05-27 00:43:53'),
(7, 1, 1, 100, 10, 1000, '2021-05-28 15:29:43'),
(8, 1, 2, 10, 2.5, 25, '2021-05-28 15:36:05'),
(9, 9, 1, 100, 50, 5000, '2021-06-14 15:35:33');

-- --------------------------------------------------------

--
-- Table structure for table `sales`
--

DROP TABLE IF EXISTS `sales`;
CREATE TABLE IF NOT EXISTS `sales` (
  `id` int(11) NOT NULL AUTO_INCREMENT,
  `invoiceId` varchar(13) NOT NULL,
  `productId` int(11) NOT NULL,
  `quantity` double NOT NULL,
  `price` int(11) NOT NULL,
  `total` double NOT NULL,
  `datetime` datetime NOT NULL DEFAULT CURRENT_TIMESTAMP,
  `rrn` varchar(12) DEFAULT NULL,
  `reference` varchar(16) DEFAULT NULL,
  `description` varchar(32) DEFAULT NULL,
  `imei` varchar(32) DEFAULT NULL,
  `pan` varchar(32) DEFAULT NULL,
  `channel` varchar(16) DEFAULT NULL,
  PRIMARY KEY (`id`),
  KEY `productId` (`productId`),
  KEY `invoiceId` (`invoiceId`)
) ENGINE=InnoDB AUTO_INCREMENT=285 DEFAULT CHARSET=utf8;

--
-- Dumping data for table `sales`
--

INSERT INTO `sales` (`id`, `invoiceId`, `productId`, `quantity`, `price`, `total`, `datetime`, `rrn`, `reference`, `description`, `imei`, `pan`, `channel`) VALUES
(1, '1491729973342', 7, 2, 300, 600, '2017-04-09 15:26:13', '', '', '', '', '0', NULL),
(2, '1491729973342', 6, 1, 160, 160, '2017-04-09 15:26:13', '', '', '', '', '0', NULL),
(3, '1491730560516', 2, 2, 120, 240, '2017-04-09 15:36:00', '', '', '', '', '0', NULL),
(4, '1491730560516', 4, 2, 65, 130, '2017-04-09 15:36:00', '', '', '', '', '0', NULL),
(5, '1492165305284', 5, 2, 70, 140, '2017-04-14 16:21:45', '', '', '', '', '0', NULL),
(6, '1492165305284', 4, 2, 65, 130, '2017-04-14 16:21:45', '', '', '', '', '0', NULL),
(7, '1492189349464', 1, 2, 165, 330, '2017-01-14 23:02:29', '', '', '', '', '0', NULL),
(8, '1492189349464', 6, 1, 160, 160, '2017-04-14 23:02:29', '', '', '', '', '0', NULL),
(9, '1492189946488', 3, 1, 190, 190, '2017-04-14 23:12:26', '', '', '', '', '0', NULL),
(10, '1492190099626', 2, 1, 120, 120, '2017-04-14 23:14:59', '', '', '', '', '0', NULL),
(11, '1492190341116', 4, 1, 65, 65, '2017-04-14 23:19:01', '', '', '', '', '0', NULL),
(12, '1492191099328', 3, 1, 190, 190, '2017-04-14 23:31:39', '', '', '', '', '0', NULL),
(13, '1492192975710', 6, 2, 160, 320, '2017-04-15 00:02:55', '', '', '', '', '0', NULL),
(14, '1492192975710', 2, 1, 120, 120, '2017-04-15 00:02:55', '', '', '', '', '0', NULL),
(15, '1492192975710', 1, 2, 165, 330, '2017-02-15 00:02:55', '', '', '', '', '0', NULL),
(16, '1492193361407', 3, 2, 190, 380, '2017-04-15 00:09:21', '', '', '', '', '0', NULL),
(17, '1492193361407', 1, 1, 165, 165, '2017-03-15 00:09:21', '', '', '', '', '0', NULL),
(18, '1492193361407', 6, 2, 160, 320, '2017-04-15 00:09:21', '', '', '', '', '0', NULL),
(19, '1492313070538', 5, 3, 70, 210, '2017-04-16 09:24:30', '', '', '', '', '0', NULL),
(20, '1492313070538', 4, 1, 65, 65, '2017-04-16 09:24:30', '', '', '', '', '0', NULL),
(21, '1493699482352', 3, 1, 190, 190, '2017-05-02 10:31:22', '', '', '', '', '0', NULL),
(22, '1622031741307', 5, 2, 70, 140, '2021-05-26 14:22:21', '', '', '', '', '0', NULL),
(23, '1622031846619', 6, 2, 160, 320, '2021-05-26 14:24:06', '', '', '', '', '0', NULL),
(24, '1622031846619', 3, 2, 190, 380, '2021-05-26 14:24:06', '', '', '', '', '0', NULL),
(25, '1622068578393', 1, 1, 165, 165, '2021-05-27 00:36:18', '', '', '', '', '0', NULL),
(26, '1622068628145', 2, 2, 120, 240, '2021-05-27 00:37:08', '', '', '', '', '0', NULL),
(27, '1622068628145', 1, 3, 165, 495, '2021-05-27 00:37:08', '', '', '', '', '0', NULL),
(28, '1622209716294', 1, 2, 165, 330, '2021-05-28 15:48:36', '', '', '', '', '0', NULL),
(29, '1623143125048', 9, 1, 100, 100, '2021-06-08 11:05:25', '', '', '', '', '0', NULL),
(30, '1623143125048', 9, 1, 100, 100, '2021-06-08 11:05:25', '', '', '', '', '0', NULL),
(31, '1623143125048', 9, 5, 100, 500, '2021-06-08 11:05:25', '', '', '', '', '0', NULL),
(32, '1623332416196', 9, 1, 100, 100, '2021-06-10 15:40:16', '', '', '', '', '0', NULL),
(33, '1623661112587', 9, 1, 100, 100, '2021-06-14 10:58:32', '', '', '', '', '0', NULL),
(34, '1623661112587', 9, 1, 100, 100, '2021-06-14 10:58:32', '', '', '', '', '0', NULL),
(35, '1623661112587', 1, 1, 165, 165, '2021-06-14 10:58:32', '', '', '', '', '0', NULL),
(36, '1623665644378', 9, 1, 100, 100, '2021-06-14 12:14:04', '', '', '', '', '0', NULL),
(37, '1623665766287', 9, 1, 100, 100, '2021-06-14 12:16:06', '', '', '', '', '0', NULL),
(38, '1623665766287', 9, 1, 100, 100, '2021-06-14 12:16:06', '', '', '', '', '0', NULL),
(39, '1623665914205', 9, 1, 100, 100, '2021-06-14 12:18:34', '', '', '', '', '0', NULL),
(40, '1623670227182', 9, 1, 100, 100, '2021-06-14 13:30:27', '', '', '', '', '0', NULL),
(41, '1623670227182', 7, 1, 300, 300, '2021-06-14 13:30:27', '', '', '', '', '0', NULL),
(42, '1623670267851', 9, 1, 100, 100, '2021-06-14 13:31:07', '', '', '', '', '0', NULL),
(43, '1623670338801', 3, 1, 190, 190, '2021-06-14 13:32:18', '', '', '', '', '0', NULL),
(44, '1623670338801', 9, 1, 100, 100, '2021-06-14 13:32:18', '', '', '', '', '0', NULL),
(45, '1623670338801', 1, 1, 165, 165, '2021-06-14 13:32:18', '', '', '', '', '0', NULL),
(46, '1623670463281', 9, 1, 100, 100, '2021-06-14 13:34:23', '', '', '', '', '0', NULL),
(47, '1623670463281', 1, 1, 165, 165, '2021-06-14 13:34:23', '', '', '', '', '0', NULL),
(48, '1623670463281', 3, 1, 190, 190, '2021-06-14 13:34:23', '', '', '', '', '0', NULL),
(49, '1623670748058', 9, 1, 100, 100, '2021-06-14 13:39:08', '', '', '', '', '0', NULL),
(50, '1623670748058', 1, 1, 165, 165, '2021-06-14 13:39:08', '', '', '', '', '0', NULL),
(51, '1623670998294', 9, 1, 100, 100, '2021-06-14 13:43:18', '', '', '', '', '0', NULL),
(52, '1623670998294', 1, 1, 165, 165, '2021-06-14 13:43:18', '', '', '', '', '0', NULL),
(53, '1623670998294', 2, 1, 120, 120, '2021-06-14 13:43:18', '', '', '', '', '0', NULL),
(54, '1623671066750', 2, 1, 120, 120, '2021-06-14 13:44:26', '', '', '', '', '0', NULL),
(55, '1623671066750', 1, 1, 165, 165, '2021-06-14 13:44:26', '', '', '', '', '0', NULL),
(56, '1623671066750', 4, 1, 65, 65, '2021-06-14 13:44:26', '', '', '', '', '0', NULL),
(57, '1623671238457', 4, 1, 65, 65, '2021-06-14 13:47:18', '', '', '', '', '0', NULL),
(58, '1623671238457', 2, 1, 120, 120, '2021-06-14 13:47:18', '', '', '', '', '0', NULL),
(59, '1623671238457', 7, 1, 300, 300, '2021-06-14 13:47:18', '', '', '', '', '0', NULL),
(60, '1623704693055', 1, 1, 165, 165.3, '2021-06-14 23:04:53', '', '', '', '', '0', NULL),
(61, '1623704693055', 7, 1, 300, 300, '2021-06-14 23:04:53', '', '', '', '', '0', NULL),
(62, '1623704693055', 2, 1, 120, 120.36, '2021-06-14 23:04:53', '', '', '', '', '0', NULL),
(63, '1623704836976', 2, 1, 120, 120.36, '2021-06-14 23:07:17', '', '', '', '', '0', NULL),
(64, '1623704836976', 5, 1, 70, 70, '2021-06-14 23:07:17', '', '', '', '', '0', NULL),
(65, '1623704836976', 7, 1, 300, 300, '2021-06-14 23:07:17', '', '', '', '', '0', NULL),
(66, '1623705248124', 2, 1, 120, 120.36, '2021-06-14 23:14:08', '', '', '', '', '0', NULL),
(67, '1623705248124', 7, 1, 300, 300, '2021-06-14 23:14:08', '', '', '', '', '0', NULL),
(68, '1623705384346', 2, 1, 120, 120.36, '2021-06-14 23:16:24', '', '', '', '', '0', NULL),
(69, '1623705384346', 5, 1, 70, 70, '2021-06-14 23:16:24', '', '', '', '', '0', NULL),
(70, '1623705630335', 2, 1, 120, 120.36, '2021-06-14 23:20:30', '', '', '', '', '0', NULL),
(71, '1623705698212', 3, 1, 190, 190, '2021-06-14 23:21:38', '', '', '', '', '0', NULL),
(72, '1623705751665', 3, 1, 190, 190, '2021-06-14 23:22:31', '', '', '', '', '0', NULL),
(73, '1623705751665', 9, 1, 100, 100, '2021-06-14 23:22:31', '', '', '', '', '0', NULL),
(74, '1623705951273', 1, 1, 165, 165.3, '2021-06-14 23:25:51', '', '', '', '', '0', NULL),
(75, '1623705951273', 5, 1, 70, 70, '2021-06-14 23:25:51', '', '', '', '', '0', NULL),
(76, '1623706147859', 3, 1, 190, 190, '2021-06-14 23:29:07', '', '', '', '', '0', NULL),
(77, '1623706147859', 7, 1, 300, 300, '2021-06-14 23:29:07', '', '', '', '', '0', NULL),
(78, '1623706147859', 2, 1, 120, 120.36, '2021-06-14 23:29:07', '', '', '', '', '0', NULL),
(79, '1623706239401', 5, 1, 70, 70, '2021-06-14 23:30:39', '', '', '', '', '0', NULL),
(80, '1623706239401', 3, 1, 190, 190, '2021-06-14 23:30:39', '', '', '', '', '0', NULL),
(81, '1623706409720', 2, 1, 120, 120.36, '2021-06-14 23:33:29', '', '', '', '', '0', NULL),
(82, '1623706409720', 5, 1, 70, 70, '2021-06-14 23:33:29', '', '', '', '', '0', NULL),
(83, '1623706409720', 1, 1, 165, 165.3, '2021-06-14 23:33:29', '', '', '', '', '0', NULL),
(84, '1623706600469', 4, 1, 65, 65, '2021-06-14 23:36:40', '', '', '', '', '0', NULL),
(85, '1623706600469', 3, 1, 190, 190, '2021-06-14 23:36:40', '', '', '', '', '0', NULL),
(86, '1623707326091', 2, 1, 120, 120.36, '2021-06-14 23:48:46', '', '', '', '', '0', NULL),
(87, '1623707326091', 5, 1, 70, 70, '2021-06-14 23:48:46', '', '', '', '', '0', NULL),
(88, '1623707326091', 2, 4, 120, 481.44, '2021-06-14 23:48:46', '', '', '', '', '0', NULL),
(89, '1623707420547', 6, 1, 160, 160, '2021-06-14 23:50:20', '', '', '', '', '0', NULL),
(90, '1623707449555', 4, 1, 65, 65, '2021-06-14 23:50:49', '', '', '', '', '0', NULL),
(91, '1623707449555', 9, 1, 100, 100, '2021-06-14 23:50:49', '', '', '', '', '0', NULL),
(92, '1623707449555', 9, 1, 100, 100, '2021-06-14 23:50:49', '', '', '', '', '0', NULL),
(93, '1623707449555', 7, 1, 300, 300, '2021-06-14 23:50:49', '', '', '', '', '0', NULL),
(94, '1623707449555', 5, 1, 70, 70, '2021-06-14 23:50:49', '', '', '', '', '0', NULL),
(95, '1623707449555', 4, 1, 65, 65, '2021-06-14 23:50:49', '', '', '', '', '0', NULL),
(96, '1623708001230', 2, 1, 120, 120.36, '2021-06-15 00:00:01', '', '', '', '', '0', NULL),
(97, '1623708001230', 5, 1, 70, 70, '2021-06-15 00:00:01', '', '', '', '', '0', NULL),
(98, '1623708001230', 3, 1, 190, 190, '2021-06-15 00:00:01', '', '', '', '', '0', NULL),
(99, '1623708365213', 4, 1, 65, 65, '2021-06-15 00:06:05', '', '', '', '', '0', NULL),
(100, '1623708365213', 1, 1, 165, 165.3, '2021-06-15 00:06:05', '', '', '', '', '0', NULL),
(101, '1623708365213', 6, 1, 160, 160, '2021-06-15 00:06:05', '', '', '', '', '0', NULL),
(102, '1623748753862', 1, 1, 165, 165.3, '2021-06-15 11:19:13', '', '', '', '', '0', NULL),
(103, '1623748753862', 5, 1, 70, 70, '2021-06-15 11:19:13', '', '', '', '', '0', NULL),
(104, '1623748753862', 5, 1, 70, 70, '2021-06-15 11:19:13', '', '', '', '', '0', NULL),
(105, '1623748753862', 3, 1, 190, 190, '2021-06-15 11:19:13', '', '', '', '', '0', NULL),
(106, '1623748753862', 9, 1, 100, 100, '2021-06-15 11:19:13', '', '', '', '', '0', NULL),
(107, '1624053266024', 7, 1, 300, 300, '2021-06-18 23:54:26', '', '', '', '', '0', NULL),
(108, '1624053266024', 9, 2, 100, 200, '2021-06-18 23:54:26', '', '', '', '', '0', NULL),
(109, '1624056508461', 6, 1, 160, 160, '2021-06-19 00:48:28', '', '', '', '', '0', NULL),
(110, '1624094310911', 8, 2, 105, 210, '2021-06-19 11:18:30', '', '', '', '', '0', NULL),
(111, '1624094310911', 8, 1, 105, 105, '2021-06-19 11:18:30', '', '', '', '', '0', NULL),
(112, '1624094310911', 3, 1, 190, 190, '2021-06-19 11:18:30', '', '', '', '', '0', NULL),
(113, '1624094888801', 9, 1, 100, 100, '2021-06-19 11:28:08', '', '', '', '', '0', NULL),
(114, '1624094888801', 8, 1, 105, 105, '2021-06-19 11:28:08', '', '', '', '', '0', NULL),
(115, '1624094888801', 7, 1, 300, 300, '2021-06-19 11:28:08', '', '', '', '', '0', NULL),
(116, '1626169473259', 1, 1, 165, 165.3, '2021-07-13 11:44:33', '553567600595', '', '', '', '0', NULL),
(117, '1626170530643', 4, 1, 65, 65, '2021-07-13 12:02:10', '711060528843', '12345', '00 : Transaction Approved', '00026021241', '504987*****8014', NULL),
(118, '1626170530643', 3, 1, 190, 190, '2021-07-13 12:02:10', '711060528843', '12345', '00 : Transaction Approved', '00026021241', '504987*****8014', NULL),
(119, '1626171257392', 2, 1, 120, 120.36, '2021-07-13 12:14:17', '671614518895', '12345', '00 : Transaction Approved', '00026021241', '504987*****8014', NULL),
(120, '1626171257392', 9, 1, 100, 100, '2021-07-13 12:14:17', '671614518895', '12345', '00 : Transaction Approved', '00026021241', '504987*****8014', NULL),
(121, '1626171257392', 4, 1, 65, 65, '2021-07-13 12:14:17', '671614518895', '12345', '00 : Transaction Approved', '00026021241', '504987*****8014', NULL),
(122, '1626171436007', 9, -1, 100, -100, '2021-07-13 12:17:16', '354890430657', '12345', '00 : Transaction Approved', '00026021241', '504987*****8014', NULL),
(123, '1626171436007', 8, 1, 105, 105, '2021-07-13 12:17:16', '354890430657', '12345', '00 : Transaction Approved', '00026021241', '504987*****8014', NULL),
(124, '1626171533940', 9, -1, 100, -100, '2021-07-13 12:18:53', '775083604193', '12345', '00 : Transaction Approved', '00026021241', '504987*****8014', NULL),
(125, '1626171533940', 8, 1, 105, 105, '2021-07-13 12:18:53', '775083604193', '12345', '00 : Transaction Approved', '00026021241', '504987*****8014', NULL),
(126, '1626171826616', 3, 1, 190, 190, '2021-07-13 12:23:46', NULL, NULL, NULL, NULL, NULL, NULL),
(127, '1626172137101', 9, 1, 100, 100, '2021-07-13 12:28:57', NULL, NULL, NULL, NULL, NULL, 'CASH'),
(128, '1626172137101', 5, 1, 70, 70, '2021-07-13 12:28:57', NULL, NULL, NULL, NULL, NULL, 'CASH'),
(129, '1626172164543', 2, 1, 120, 120.36, '2021-07-13 12:29:24', '452372869852', '12345', '00 : Transaction Approved', '00026021241', '504987*****8014', 'ECOCASH'),
(130, '1626172164543', 4, 1, 65, 65, '2021-07-13 12:29:24', '452372869852', '12345', '00 : Transaction Approved', '00026021241', '504987*****8014', 'ECOCASH'),
(131, '1626172274227', 8, 1, 105, 105, '2021-07-13 12:31:14', '180050216172', '12345', '00 : Transaction Approved', '00026021241', '504987*****8014', 'ZIMSWITCH'),
(132, '1626172274227', 9, 1, 100, 100, '2021-07-13 12:31:14', '180050216172', '12345', '00 : Transaction Approved', '00026021241', '504987*****8014', 'ZIMSWITCH'),
(133, '1626173306526', 9, 1, 100, 100, '2021-07-13 12:48:26', NULL, NULL, NULL, NULL, NULL, 'CASH'),
(134, '1626270563040', 9, -1, 100, -100, '2021-07-14 15:49:23', '443509991497', '12345', '00 : Transaction Approved', '00026021241', '504987*****8014', 'ECOCASH'),
(135, '1626270563040', 9, 1, 100, 100, '2021-07-14 15:49:23', '443509991497', '12345', '00 : Transaction Approved', '00026021241', '504987*****8014', 'ECOCASH'),
(136, '1626270563040', 6, 1, 160, 160, '2021-07-14 15:49:23', '443509991497', '12345', '00 : Transaction Approved', '00026021241', '504987*****8014', 'ECOCASH'),
(137, '1626270756792', 9, -1, 100, -100, '2021-07-14 15:52:36', NULL, NULL, NULL, NULL, NULL, 'CASH'),
(138, '1626438427568', 4, 1, 65, 65, '2021-07-16 14:27:07', NULL, NULL, NULL, NULL, NULL, 'CASH'),
(139, '1626438427568', 4, 1, 65, 65, '2021-07-16 14:27:07', NULL, NULL, NULL, NULL, NULL, 'CASH'),
(140, '1626438882547', 5, 1, 70, 70, '2021-07-16 14:34:42', NULL, NULL, NULL, NULL, NULL, 'CASH'),
(141, '1626438994211', 7, 1, 300, 300, '2021-07-16 14:36:34', NULL, NULL, NULL, NULL, NULL, 'CASH'),
(142, '1626438994211', 6, 1, 160, 160, '2021-07-16 14:36:34', NULL, NULL, NULL, NULL, NULL, 'CASH'),
(143, '1626439152746', 5, 1, 70, 70, '2021-07-16 14:39:12', NULL, NULL, NULL, NULL, NULL, 'CASH'),
(144, '1626439179650', 5, 1, 70, 70, '2021-07-16 14:39:39', NULL, NULL, NULL, NULL, NULL, 'CASH'),
(145, '1626439179650', 6, 1, 160, 160, '2021-07-16 14:39:39', NULL, NULL, NULL, NULL, NULL, 'CASH'),
(146, '1626439580234', 5, 1, 70, 70, '2021-07-16 14:46:20', NULL, NULL, NULL, NULL, NULL, 'CASH'),
(147, '1626439580234', 7, 1, 300, 300, '2021-07-16 14:46:20', NULL, NULL, NULL, NULL, NULL, 'CASH'),
(148, '1626439822464', 4, 1, 65, 65, '2021-07-16 14:50:22', NULL, NULL, NULL, NULL, NULL, 'CASH'),
(149, '1626439822464', 6, 1, 160, 160, '2021-07-16 14:50:22', NULL, NULL, NULL, NULL, NULL, 'CASH'),
(150, '1626439894904', 5, 1, 70, 70, '2021-07-16 14:51:34', NULL, NULL, NULL, NULL, NULL, 'CASH'),
(151, '1626439894904', 2, 1, 120, 120.36, '2021-07-16 14:51:34', NULL, NULL, NULL, NULL, NULL, 'CASH'),
(152, '1626439894904', 7, 1, 300, 300, '2021-07-16 14:51:34', NULL, NULL, NULL, NULL, NULL, 'CASH'),
(153, '1626439894904', 8, 1, 105, 105, '2021-07-16 14:51:34', NULL, NULL, NULL, NULL, NULL, 'CASH'),
(154, '1626439894904', 4, 1, 65, 65, '2021-07-16 14:51:34', NULL, NULL, NULL, NULL, NULL, 'CASH'),
(155, '1626439894904', 4, 1, 65, 65, '2021-07-16 14:51:34', NULL, NULL, NULL, NULL, NULL, 'CASH'),
(156, '1626439894904', 5, 1, 70, 70, '2021-07-16 14:51:35', NULL, NULL, NULL, NULL, NULL, 'CASH'),
(157, '1626439894904', 1, 1, 165, 165.3, '2021-07-16 14:51:35', NULL, NULL, NULL, NULL, NULL, 'CASH'),
(158, '1626439894904', 5, 1, 70, 70, '2021-07-16 14:51:35', NULL, NULL, NULL, NULL, NULL, 'CASH'),
(159, '1626439894904', 6, 1, 160, 160, '2021-07-16 14:51:35', NULL, NULL, NULL, NULL, NULL, 'CASH'),
(160, '1626439894904', 8, 1, 105, 105, '2021-07-16 14:51:35', NULL, NULL, NULL, NULL, NULL, 'CASH'),
(161, '1626439956752', 5, 1, 70, 70, '2021-07-16 14:52:36', NULL, NULL, NULL, NULL, NULL, 'CASH'),
(162, '1626440034495', 1, 1, 165, 165.3, '2021-07-16 14:53:54', NULL, NULL, NULL, NULL, NULL, 'CASH'),
(163, '1626440034495', 3, 1, 190, 190, '2021-07-16 14:53:54', NULL, NULL, NULL, NULL, NULL, 'CASH'),
(164, '1626440034495', 7, 1, 300, 300, '2021-07-16 14:53:54', NULL, NULL, NULL, NULL, NULL, 'CASH'),
(165, '1626440034495', 5, 1, 70, 70, '2021-07-16 14:53:54', NULL, NULL, NULL, NULL, NULL, 'CASH'),
(166, '1626440819109', 4, 1, 65, 65, '2021-07-16 15:06:59', NULL, NULL, NULL, NULL, NULL, 'CASH'),
(167, '1626440819109', 7, 1, 300, 300, '2021-07-16 15:06:59', NULL, NULL, NULL, NULL, NULL, 'CASH'),
(168, '1626440985692', 3, 1, 190, 190, '2021-07-16 15:09:45', NULL, NULL, NULL, NULL, NULL, 'CASH'),
(169, '1626440985692', 2, 1, 120, 120.36, '2021-07-16 15:09:45', NULL, NULL, NULL, NULL, NULL, 'CASH'),
(170, '1626440985692', 4, 1, 65, 65, '2021-07-16 15:09:45', NULL, NULL, NULL, NULL, NULL, 'CASH'),
(171, '1626440985692', 5, 1, 70, 70, '2021-07-16 15:09:45', NULL, NULL, NULL, NULL, NULL, 'CASH'),
(172, '1626440985692', 6, 1, 160, 160, '2021-07-16 15:09:45', NULL, NULL, NULL, NULL, NULL, 'CASH'),
(173, '1626440985692', 7, 1, 300, 300, '2021-07-16 15:09:45', NULL, NULL, NULL, NULL, NULL, 'CASH'),
(174, '1626440985692', 7, 1, 300, 300, '2021-07-16 15:09:45', NULL, NULL, NULL, NULL, NULL, 'CASH'),
(175, '1626440985692', 8, 1, 105, 105, '2021-07-16 15:09:45', NULL, NULL, NULL, NULL, NULL, 'CASH'),
(176, '1626440985692', 9, 1, 100, 100, '2021-07-16 15:09:45', NULL, NULL, NULL, NULL, NULL, 'CASH'),
(177, '1626440985692', 1, 1, 165, 165.3, '2021-07-16 15:09:45', NULL, NULL, NULL, NULL, NULL, 'CASH'),
(178, '1626440985692', 2, 1, 120, 120.36, '2021-07-16 15:09:45', NULL, NULL, NULL, NULL, NULL, 'CASH'),
(179, '1626440985692', 3, 1, 190, 190, '2021-07-16 15:09:45', NULL, NULL, NULL, NULL, NULL, 'CASH'),
(180, '1626440985692', 4, 1, 65, 65, '2021-07-16 15:09:45', NULL, NULL, NULL, NULL, NULL, 'CASH'),
(181, '1626441076852', 2, 1, 120, 120.36, '2021-07-16 15:11:16', NULL, NULL, NULL, NULL, NULL, 'CASH'),
(182, '1626441076852', 4, 1, 65, 65, '2021-07-16 15:11:16', NULL, NULL, NULL, NULL, NULL, 'CASH'),
(183, '1626441076852', 4, 1, 65, 65, '2021-07-16 15:11:16', NULL, NULL, NULL, NULL, NULL, 'CASH'),
(184, '1626441076852', 5, 1, 70, 70, '2021-07-16 15:11:16', NULL, NULL, NULL, NULL, NULL, 'CASH'),
(185, '1626441076852', 5, 1, 70, 70, '2021-07-16 15:11:16', NULL, NULL, NULL, NULL, NULL, 'CASH'),
(186, '1626441076852', 4, 1, 65, 65, '2021-07-16 15:11:16', NULL, NULL, NULL, NULL, NULL, 'CASH'),
(187, '1626441076852', 3, 1, 190, 190, '2021-07-16 15:11:16', NULL, NULL, NULL, NULL, NULL, 'CASH'),
(188, '1626441076852', 5, 1, 70, 70, '2021-07-16 15:11:16', NULL, NULL, NULL, NULL, NULL, 'CASH'),
(189, '1626441076852', 8, 1, 105, 105, '2021-07-16 15:11:16', NULL, NULL, NULL, NULL, NULL, 'CASH'),
(190, '1626441076852', 7, 1, 300, 300, '2021-07-16 15:11:16', NULL, NULL, NULL, NULL, NULL, 'CASH'),
(191, '1626441076852', 4, 1, 65, 65, '2021-07-16 15:11:16', NULL, NULL, NULL, NULL, NULL, 'CASH'),
(192, '1626441076852', 4, 1, 65, 65, '2021-07-16 15:11:17', NULL, NULL, NULL, NULL, NULL, 'CASH'),
(193, '1626441208828', 6, 1, 160, 160, '2021-07-16 15:13:28', NULL, NULL, NULL, NULL, NULL, 'CASH'),
(194, '1626441208828', 2, 1, 120, 120.36, '2021-07-16 15:13:28', NULL, NULL, NULL, NULL, NULL, 'CASH'),
(195, '1626441208828', 6, 1, 160, 160, '2021-07-16 15:13:28', NULL, NULL, NULL, NULL, NULL, 'CASH'),
(196, '1626441208828', 7, 1, 300, 300, '2021-07-16 15:13:28', NULL, NULL, NULL, NULL, NULL, 'CASH'),
(197, '1626441208828', 7, 1, 300, 300, '2021-07-16 15:13:28', NULL, NULL, NULL, NULL, NULL, 'CASH'),
(198, '1626441208828', 8, 1, 105, 105, '2021-07-16 15:13:28', NULL, NULL, NULL, NULL, NULL, 'CASH'),
(199, '1626441208828', 9, 1, 100, 100, '2021-07-16 15:13:28', NULL, NULL, NULL, NULL, NULL, 'CASH'),
(200, '1626441208828', 5, 1, 70, 70, '2021-07-16 15:13:28', NULL, NULL, NULL, NULL, NULL, 'CASH'),
(201, '1626441208828', 4, 1, 65, 65, '2021-07-16 15:13:28', NULL, NULL, NULL, NULL, NULL, 'CASH'),
(202, '1626441208828', 2, 1, 120, 120.36, '2021-07-16 15:13:28', NULL, NULL, NULL, NULL, NULL, 'CASH'),
(203, '1626441208828', 1, 1, 165, 165.3, '2021-07-16 15:13:28', NULL, NULL, NULL, NULL, NULL, 'CASH'),
(204, '1626441208828', 2, 1, 120, 120.36, '2021-07-16 15:13:28', NULL, NULL, NULL, NULL, NULL, 'CASH'),
(205, '1626441208828', 1, 1, 165, 165.3, '2021-07-16 15:13:28', NULL, NULL, NULL, NULL, NULL, 'CASH'),
(206, '1626441208828', 7, 1, 300, 300, '2021-07-16 15:13:29', NULL, NULL, NULL, NULL, NULL, 'CASH'),
(207, '1626441208828', 8, 1, 105, 105, '2021-07-16 15:13:29', NULL, NULL, NULL, NULL, NULL, 'CASH'),
(208, '1626441208828', 9, 1, 100, 100, '2021-07-16 15:13:29', NULL, NULL, NULL, NULL, NULL, 'CASH'),
(209, '1626441208828', 7, 1, 300, 300, '2021-07-16 15:13:29', NULL, NULL, NULL, NULL, NULL, 'CASH'),
(210, '1626441398913', 1, 1, 165, 165.3, '2021-07-16 15:16:38', NULL, NULL, NULL, NULL, NULL, 'CASH'),
(211, '1626441398913', 5, 1, 70, 70, '2021-07-16 15:16:38', NULL, NULL, NULL, NULL, NULL, 'CASH'),
(212, '1626441572945', 3, 1, 190, 190, '2021-07-16 15:19:32', NULL, NULL, NULL, NULL, NULL, 'CASH'),
(213, '1626441572945', 4, 1, 65, 65, '2021-07-16 15:19:32', NULL, NULL, NULL, NULL, NULL, 'CASH'),
(214, '1626441572945', 6, 1, 160, 160, '2021-07-16 15:19:32', NULL, NULL, NULL, NULL, NULL, 'CASH'),
(215, '1626441572945', 8, 1, 105, 105, '2021-07-16 15:19:32', NULL, NULL, NULL, NULL, NULL, 'CASH'),
(216, '1626441572945', 9, 1, 100, 100, '2021-07-16 15:19:33', NULL, NULL, NULL, NULL, NULL, 'CASH'),
(217, '1626441572945', 7, 1, 300, 300, '2021-07-16 15:19:33', NULL, NULL, NULL, NULL, NULL, 'CASH'),
(218, '1626441572945', 6, 1, 160, 160, '2021-07-16 15:19:33', NULL, NULL, NULL, NULL, NULL, 'CASH'),
(219, '1626441572945', 5, 1, 70, 70, '2021-07-16 15:19:33', NULL, NULL, NULL, NULL, NULL, 'CASH'),
(220, '1626441572945', 4, 1, 65, 65, '2021-07-16 15:19:33', NULL, NULL, NULL, NULL, NULL, 'CASH'),
(221, '1626441572945', 2, 1, 120, 120.36, '2021-07-16 15:19:33', NULL, NULL, NULL, NULL, NULL, 'CASH'),
(222, '1626441572945', 1, 1, 165, 165.3, '2021-07-16 15:19:33', NULL, NULL, NULL, NULL, NULL, 'CASH'),
(223, '1626441572945', 3, 1, 190, 190, '2021-07-16 15:19:33', NULL, NULL, NULL, NULL, NULL, 'CASH'),
(224, '1626441572945', 6, 1, 160, 160, '2021-07-16 15:19:33', NULL, NULL, NULL, NULL, NULL, 'CASH'),
(225, '1626441572945', 7, 1, 300, 300, '2021-07-16 15:19:33', NULL, NULL, NULL, NULL, NULL, 'CASH'),
(226, '1626441572945', 9, 1, 100, 100, '2021-07-16 15:19:33', NULL, NULL, NULL, NULL, NULL, 'CASH'),
(227, '1626441572945', 8, 1, 105, 105, '2021-07-16 15:19:33', NULL, NULL, NULL, NULL, NULL, 'CASH'),
(228, '1626441572945', 7, 1, 300, 300, '2021-07-16 15:19:33', NULL, NULL, NULL, NULL, NULL, 'CASH'),
(229, '1626441572945', 5, 1, 70, 70, '2021-07-16 15:19:33', NULL, NULL, NULL, NULL, NULL, 'CASH'),
(230, '1626441572945', 4, 1, 65, 65, '2021-07-16 15:19:33', NULL, NULL, NULL, NULL, NULL, 'CASH'),
(231, '1626441572945', 2, 1, 120, 120.36, '2021-07-16 15:19:33', NULL, NULL, NULL, NULL, NULL, 'CASH'),
(232, '1626441572945', 1, 1, 165, 165.3, '2021-07-16 15:19:33', NULL, NULL, NULL, NULL, NULL, 'CASH'),
(233, '1626441985224', 5, 1, 70, 70, '2021-07-16 15:26:25', NULL, NULL, NULL, NULL, NULL, 'CASH'),
(234, '1626441985224', 3, 1, 190, 190, '2021-07-16 15:26:25', NULL, NULL, NULL, NULL, NULL, 'CASH'),
(235, '1626441985224', 1, 1, 165, 165.3, '2021-07-16 15:26:25', NULL, NULL, NULL, NULL, NULL, 'CASH'),
(236, '1626441985224', 8, 1, 105, 105, '2021-07-16 15:26:25', NULL, NULL, NULL, NULL, NULL, 'CASH'),
(237, '1626441985224', 5, 1, 70, 70, '2021-07-16 15:26:25', NULL, NULL, NULL, NULL, NULL, 'CASH'),
(238, '1626441985224', 5, 1, 70, 70, '2021-07-16 15:26:25', NULL, NULL, NULL, NULL, NULL, 'CASH'),
(239, '1626441985224', 1, 1, 165, 165.3, '2021-07-16 15:26:25', NULL, NULL, NULL, NULL, NULL, 'CASH'),
(240, '1626441985224', 3, 1, 190, 190, '2021-07-16 15:26:25', NULL, NULL, NULL, NULL, NULL, 'CASH'),
(241, '1626441985224', 8, 1, 105, 105, '2021-07-16 15:26:25', NULL, NULL, NULL, NULL, NULL, 'CASH'),
(242, '1626441985224', 7, 3, 300, 900, '2021-07-16 15:26:25', NULL, NULL, NULL, NULL, NULL, 'CASH'),
(243, '1626441985224', 3, 4, 190, 760, '2021-07-16 15:26:25', NULL, NULL, NULL, NULL, NULL, 'CASH'),
(244, '1626441985224', 5, 5, 70, 350, '2021-07-16 15:26:25', NULL, NULL, NULL, NULL, NULL, 'CASH'),
(245, '1626441985224', 3, 1, 190, 190, '2021-07-16 15:26:25', NULL, NULL, NULL, NULL, NULL, 'CASH'),
(246, '1626441985224', 2, 1, 120, 120.36, '2021-07-16 15:26:25', NULL, NULL, NULL, NULL, NULL, 'CASH'),
(247, '1626441985224', 3, 6, 190, 1140, '2021-07-16 15:26:25', NULL, NULL, NULL, NULL, NULL, 'CASH'),
(248, '1626441985224', 9, 1, 100, 100, '2021-07-16 15:26:25', NULL, NULL, NULL, NULL, NULL, 'CASH'),
(249, '1626441985224', 8, 1, 105, 105, '2021-07-16 15:26:25', NULL, NULL, NULL, NULL, NULL, 'CASH'),
(250, '1626441985224', 7, 1, 300, 300, '2021-07-16 15:26:25', NULL, NULL, NULL, NULL, NULL, 'CASH'),
(251, '1626441985224', 6, 1, 160, 160, '2021-07-16 15:26:25', NULL, NULL, NULL, NULL, NULL, 'CASH'),
(252, '1626441985224', 5, 1, 70, 70, '2021-07-16 15:26:25', NULL, NULL, NULL, NULL, NULL, 'CASH'),
(253, '1626441985224', 4, 1, 65, 65, '2021-07-16 15:26:25', NULL, NULL, NULL, NULL, NULL, 'CASH'),
(254, '1626441985224', 3, 1, 190, 190, '2021-07-16 15:26:25', NULL, NULL, NULL, NULL, NULL, 'CASH'),
(255, '1626441985224', 2, 1, 120, 120.36, '2021-07-16 15:26:25', NULL, NULL, NULL, NULL, NULL, 'CASH'),
(256, '1626441985224', 1, 1, 165, 165.3, '2021-07-16 15:26:25', NULL, NULL, NULL, NULL, NULL, 'CASH'),
(257, '1626442047663', 5, 1, 70, 70, '2021-07-16 15:27:27', NULL, NULL, NULL, NULL, NULL, 'CASH'),
(258, '1626442086215', 6, 1, 160, 160, '2021-07-16 15:28:06', NULL, NULL, NULL, NULL, NULL, 'CASH'),
(259, '1626442086215', 2, 1, 120, 120.36, '2021-07-16 15:28:06', NULL, NULL, NULL, NULL, NULL, 'CASH'),
(260, '1626447293215', 1, 1, 165, 165.3, '2021-07-16 16:54:53', NULL, NULL, NULL, NULL, NULL, 'CASH'),
(261, '1626447293215', 6, 1, 160, 160, '2021-07-16 16:54:53', NULL, NULL, NULL, NULL, NULL, 'CASH'),
(262, '1626447293215', 5, 1, 70, 70, '2021-07-16 16:54:53', NULL, NULL, NULL, NULL, NULL, 'CASH'),
(263, '1626447518246', 1, 1, 165, 165.3, '2021-07-16 16:58:38', NULL, NULL, NULL, NULL, NULL, 'CASH'),
(264, '1626447518246', 5, 1, 70, 70, '2021-07-16 16:58:38', NULL, NULL, NULL, NULL, NULL, 'CASH'),
(265, '1626447518246', 7, 1, 300, 300, '2021-07-16 16:58:38', NULL, NULL, NULL, NULL, NULL, 'CASH'),
(266, '1626447518246', 7, 1, 300, 300, '2021-07-16 16:58:38', NULL, NULL, NULL, NULL, NULL, 'CASH'),
(267, '1626447518246', 8, 1, 105, 105, '2021-07-16 16:58:38', NULL, NULL, NULL, NULL, NULL, 'CASH'),
(268, '1626447518246', 7, 1, 300, 300, '2021-07-16 16:58:38', NULL, NULL, NULL, NULL, NULL, 'CASH'),
(269, '1626447518246', 1, 1, 165, 165.3, '2021-07-16 16:58:38', NULL, NULL, NULL, NULL, NULL, 'CASH'),
(270, '1626447518246', 2, 1, 120, 120.36, '2021-07-16 16:58:38', NULL, NULL, NULL, NULL, NULL, 'CASH'),
(271, '1626447518246', 4, 1, 65, 65, '2021-07-16 16:58:38', NULL, NULL, NULL, NULL, NULL, 'CASH'),
(272, '1626447518246', 5, 1, 70, 70, '2021-07-16 16:58:38', NULL, NULL, NULL, NULL, NULL, 'CASH'),
(273, '1626447518246', 9, 1, 100, 100, '2021-07-16 16:58:38', NULL, NULL, NULL, NULL, NULL, 'CASH'),
(274, '1626447518246', 8, 1, 105, 105, '2021-07-16 16:58:38', NULL, NULL, NULL, NULL, NULL, 'CASH'),
(275, '1626447518246', 8, 1, 105, 105, '2021-07-16 16:58:38', NULL, NULL, NULL, NULL, NULL, 'CASH'),
(276, '1626447518246', 9, 1, 100, 100, '2021-07-16 16:58:38', NULL, NULL, NULL, NULL, NULL, 'CASH'),
(277, '1626447718389', 4, 9, 65, 585, '2021-07-16 17:01:58', NULL, NULL, NULL, NULL, NULL, 'CASH'),
(278, '1626706106821', 5, 1, 70, 70, '2021-07-19 16:48:26', NULL, NULL, NULL, NULL, NULL, 'CASH'),
(279, '1626709329776', 6, 1, 160, 160, '2021-07-19 17:42:09', NULL, NULL, NULL, NULL, NULL, 'CASH'),
(280, '1626709829054', 8, 1, 105, 105, '2021-07-19 17:50:29', NULL, NULL, NULL, NULL, NULL, 'CASH'),
(281, '1626709829054', 9, 1, 100, 100, '2021-07-19 17:50:29', NULL, NULL, NULL, NULL, NULL, 'CASH'),
(282, '1626709894821', 9, 1, 100, 100, '2021-07-19 17:51:34', NULL, NULL, NULL, NULL, NULL, 'CASH'),
(283, '1626709894821', 8, 1, 105, 105, '2021-07-19 17:51:34', NULL, NULL, NULL, NULL, NULL, 'CASH'),
(284, '1626709931286', 1, 1, 165, 165.3, '2021-07-19 17:52:11', NULL, NULL, NULL, NULL, NULL, 'CASH');

-- --------------------------------------------------------

--
-- Table structure for table `suppliers`
--

DROP TABLE IF EXISTS `suppliers`;
CREATE TABLE IF NOT EXISTS `suppliers` (
  `id` int(11) NOT NULL AUTO_INCREMENT,
  `name` varchar(100) NOT NULL,
  `phone` varchar(100) NOT NULL,
  `address` text NOT NULL,
  PRIMARY KEY (`id`)
) ENGINE=InnoDB AUTO_INCREMENT=8 DEFAULT CHARSET=utf8;

--
-- Dumping data for table `suppliers`
--

INSERT INTO `suppliers` (`id`, `name`, `phone`, `address`) VALUES
(1, 'Head & Shoulder', '00000000', 'USA'),
(2, 'Loreal', '1111111', 'France'),
(3, 'Garnier', '22222222', 'France'),
(4, 'Set Wet', '444444', 'India'),
(5, 'Layer', '555555', 'India'),
(6, 'Brylcreem', '777777', 'UK'),
(7, 'Gatsby', '8888888', 'Canada');

--
-- Constraints for dumped tables
--

--
-- Constraints for table `products`
--
ALTER TABLE `products`
  ADD CONSTRAINT `products_ibfk_1` FOREIGN KEY (`categoryId`) REFERENCES `categories` (`id`),
  ADD CONSTRAINT `products_ibfk_2` FOREIGN KEY (`supplierId`) REFERENCES `suppliers` (`id`);

--
-- Constraints for table `purchases`
--
ALTER TABLE `purchases`
  ADD CONSTRAINT `purchases_ibfk_1` FOREIGN KEY (`productId`) REFERENCES `products` (`id`),
  ADD CONSTRAINT `purchases_ibfk_2` FOREIGN KEY (`supplierId`) REFERENCES `suppliers` (`id`);

--
-- Constraints for table `sales`
--
ALTER TABLE `sales`
  ADD CONSTRAINT `sales_ibfk_1` FOREIGN KEY (`productId`) REFERENCES `products` (`id`),
  ADD CONSTRAINT `sales_ibfk_2` FOREIGN KEY (`invoiceId`) REFERENCES `invoices` (`id`);
COMMIT;

/*!40101 SET CHARACTER_SET_CLIENT=@OLD_CHARACTER_SET_CLIENT */;
/*!40101 SET CHARACTER_SET_RESULTS=@OLD_CHARACTER_SET_RESULTS */;
/*!40101 SET COLLATION_CONNECTION=@OLD_COLLATION_CONNECTION */;
